Subreddit,2019-11-16,2019-11-18,2019-11-19,2019-11-20,2019-11-21
announcements,8.63120753288006,8.626908666149719,8.621583267188534,8.61561263747737,8.609978623177852
funny,0,0,0.24535802852076072,0.2759582161588746,0.6617659465977392
AskReddit,undefined,5.551587272161371,4.955119591167314,4.75513195864114,3.7641960915595725
gaming,0.4144638775043721,0.4143821852402643,6.763588099338545,5.27961044158557,5.712679066143854
pics,1.7261568649366401,2.804394266694443,3.594473724427066,3.342426916257316,3.0186676330376105
science,undefined,0,0,0,0.10997926318996701
worldnews,1.3335993419487406,1.3334153785736116,1.925438789126888,1.6660861842613461,1.9542705880514428
aww,3.563488514497897,2.672254785599086,2.078183602121192,1.7810137388472416,1.9582102999789786
movies,0.4593154454464156,0.2296577227232078,0.30613880427115764,0.4590595251776256,0.5507558038960016
todayilearned,0,0,0,0.2296488622965713,0.18371908983725704
videos,2.3197144598519364,2.319441542141725,1.5462943614278168,1.6232581985428995,1.669304859905471
Music,0,0.4639607578279343,0.3093071718852895,0.2319803789139671,0.4635614265405075
IAmA,2.558752147752584,2.5586163075167283,2.387895955159294,2.430321793977047,2.762568662774806
news,1.037833493522933,2.3346871275518613,1.9021893053554937,1.4266419790166203,1.2449545043178367
gifs,1.561558916759072,1.561438800136947,1.2144021347901546,1.170885455248202,1.0407182792557441
EarthPorn,0.5302716157270077,0.5302047098738925,0.5301165646296894,0.5300276084520031,0.6358603279280007
Showerthoughts,0.5332673503865122,0.7997555794876383,0.8884401534061473,0.7995034769942923,1.06556194712652
askscience,1.0944860504195797,1.0943948754967874,0.9119396682319288,0.8206754921697375,0.765889800848772
blog,7.456298633707839,7.456041625042102,7.4556374301656305,7.455182930544964,7.45474810036484
Jokes,2.873217606640764,2.872924105323772,2.106731970825208,1.580048978118906,1.3788347267519927
explainlikeimfive,0,0,0,0,0
books,0,0.28976459871717736,0.1931763991447849,0.14488229935858868,0.11590583948687094
food,0,0,0,0,0.11691038585103745
LifeProTips,1.778221832699437,1.1854163432428733,1.3826849023969128,1.185060521424949,0.9480484171399592
DIY,0,0.5983846009313258,0.39892306728755056,0.2991923004656629,0.23935384037253032
mildlyinteresting,0,0,0,0,0
Art,3.022231474280176,1.813259477190117,1.6115589409730422,1.5105870421720735,1.5706264659953058
sports,0,0,0,0,0.12282523338790255
space,0.6227372065179662,2.8013379174996467,2.9046629913478554,2.334015607368125,1.8672124858945
gadgets,0.6244898308388191,0.6244201556148438,0.6243361114218274,0.4682520835663706,0.3746016668530965
nottheonion,0,0,0,0,0
television,0,1.2659300683773138,1.0549024944686882,1.1075269701917743,0.8860215761534194
photoshopbattles,0,0,0,0.16090377979712736,0.1287230238377019
Documentaries,0,0,0.21525075259735013,0.1614380644480126,0.3873085208406784
GetMotivated,2.6113340646374383,2.611118276880454,2.6106422983605517,2.121024014658078,1.8272144108881778
listentothis,0,0,0,0,0
UpliftingNews,0,0,0.2198090848193801,0.49450301028527993,0.5274374712265976
tifu,2.00491886795063,2.6729891449142045,2.2273632219783144,4.341911921702996,3.8741617349702224
InternetIsBeautiful,1.38144625127637,1.3813758387257846,1.3812836263713606,1.3811780184777838,1.38107181509406
history,0,0,0,0,0
Futurology,4.207305733968693,3.8564980502288853,2.8046593102194137,2.1034944826645603,1.6827955861316481
philosophy,0,0,0,0,0
OldSchoolCool,2.116704054715953,1.4110795920154082,0.9407197280102721,1.0581251847845727,0.98750320124878
WritingPrompts,0,0,0,0,0
personalfinance,1.4303140619253043,0.7151570309626522,0.47677135397510145,0.3575785154813261,0.28606281238506087
dataisbeautiful,0.7175358956300988,0.7174837995905028,0.7174139112267927,0.7173307987307912,0.8606147274649573
nosleep,2.2070636188295194,1.1035318094147597,1.7162267501452642,3.1251992541885687,2.6471778508581023
creepy,2.254772451370571,2.254175651803168,2.2538156481206504,2.253543693122258,2.2532977148915587
TwoXChromosomes,3.1925554714494555,5.187576449896136,5.586249700102577,5.984813865409498,5.266487323686312
technology,1.2079175127625545,0.6039587563812773,0.4026391709208515,0.30197937819063864,0.4827897557281419
AdviceAnimals,0,0,0,0,0.5077503005881779
Fitness,3.9812493771003576,3.980925290284394,2.6539501935229293,1.990462645142197,1.5923701161137576
memes,2.8786355727966635,2.1577572095259603,1.916303758585318,1.4372278189389884,1.7202145258737829
WTF,1.6834005094306623,1.6831734386479056,1.6829563574291155,1.6826870842256143,1.3461496673804914
wholesomememes,0,0,0.5876027225044381,0.4407020418783286,1.055641510055898
politics,14.447735317488982,7.223867658744491,7.222090792095076,8.121285445698627,35.68785854376942
bestof,3.8808659531435885,2.910565318145302,2.5870467037656266,2.425226245189616,1.940180996151693
interestingasfuck,2.232323735159791,2.23142895954995,2.2302828856322683,2.785163160757804,2.672601838872108
BlackPeopleTwitter,0,1.3284368920740672,0.8856245947160448,1.9892721372126,2.650079762081748
oddlysatisfying,5.503792388145051,8.248975046370415,6.41430596018128,4.81072947013596,3.848583576108768